<?xml version="1.0" encoding="utf-8"?>
<SearchClauses xmlns:xsd="http://www.w3.org/2001/XMLSchema" xmlns:xsi="http://www.w3.org/2001/XMLSchema-instance">
    <SupportedClauses>
      <SupportedClause>
        <SearchClause>subject</SearchClause>
        <ClauseType>Betreff</ClauseType>
        <Operator>1</Operator>
        <ControlType>Generic Text</ControlType>
      </SupportedClause>
      <SupportedClause>
        <SearchClause>sender</SearchClause>
        <ClauseType>Absender</ClauseType>
        <Operator>1</Operator>
        <ControlType>Generic Text</ControlType>
      </SupportedClause>
      <SupportedClause>
        <SearchClause>to</SearchClause>
        <ClauseType>Empfänger</ClauseType>
        <Operator>1</Operator>
        <ControlType>Generic Text</ControlType>
      </SupportedClause>
      <SupportedClause>
        <SearchClause>bcc</SearchClause>
        <ClauseType>BCC</ClauseType>
        <Operator>1</Operator>
        <ControlType>Generic Text</ControlType>
      </SupportedClause>
      <SupportedClause>
        <SearchClause>sentdate</SearchClause>
        <ClauseType>Absendedatum</ClauseType>
        <Operator>3</Operator>
        <ControlType>Generic DateTime</ControlType>
      </SupportedClause>
      <SupportedClause>
        <SearchClause>recvdate</SearchClause>
        <ClauseType>Empfangsdatum</ClauseType>
        <Operator>3</Operator>
        <ControlType>Generic DateTime</ControlType>
      </SupportedClause>
	<SupportedClause>
        <SearchClause>startdated</SearchClause>
        <ClauseType>Start Date</ClauseType>
        <Operator>3</Operator>
        <ControlType>Generic DateTime</ControlType>
      </SupportedClause>
      <SupportedClause>
        <SearchClause>msgsize</SearchClause>
        <ClauseType>Größe (KB)</ClauseType>
        <Operator>2</Operator>
        <ControlType>Generic Integer</ControlType>
      </SupportedClause>
      <SupportedClause>
        <SearchClause>msgid</SearchClause>
        <ClauseType>Nachrichten-ID</ClauseType>
        <Operator>1</Operator>
        <ControlType>Generic Text</ControlType>
      </SupportedClause>
      <SupportedClause>
        <SearchClause>attachmentandbody</SearchClause>
        <ClauseType>Gesamte E-Mail</ClauseType>
        <Operator>1</Operator>
        <ControlType>Generic Text</ControlType>
      </SupportedClause>
      <SupportedClause>
        <SearchClause>body</SearchClause>
        <ClauseType>Textkörper</ClauseType>
        <Operator>1</Operator>
        <ControlType>Generic Text</ControlType>
      </SupportedClause>
      <SupportedClause>
        <SearchClause>attachment</SearchClause>
        <ClauseType>Anhang</ClauseType>
        <Operator>1</Operator>
        <ControlType>Generic Text</ControlType>
      </SupportedClause>
      <SupportedClause>
        <SearchClause>folder</SearchClause>
        <ClauseType>Ordner</ClauseType>
        <Operator>1</Operator>
        <ControlType>Generic Folder</ControlType>
      </SupportedClause>
      <SupportedClause>
        <SearchClause>foldersubfolder</SearchClause>
        <ClauseType>Ordner\Unterordner</ClauseType>
        <Operator>1</Operator>
        <ControlType>Generic Folder</ControlType>
      </SupportedClause>
      <SupportedClause>
        <SearchClause>personallabel</SearchClause>
        <ClauseType>Persönliche Kennzeichnungen</ClauseType>
        <Operator>4</Operator>
        <ControlType>Personal Label</ControlType>
      </SupportedClause>
      <SupportedClause>
        <SearchClause>globallabel</SearchClause>
        <ClauseType>Globale Kennzeichnung</ClauseType>
        <Operator>5</Operator>
        <ControlType>Global Label</ControlType>
      </SupportedClause>
      <SupportedClause>
        <SearchClause>retentionlabel</SearchClause>
        <ClauseType>Klassifizierungskennzeichnung</ClauseType>
        <Operator>6</Operator>
        <ControlType>Retention Label</ControlType>
      </SupportedClause>
      <SupportedClause>
        <SearchClause>spamtag</SearchClause>
        <ClauseType>SPAM-Tag</ClauseType>
        <Operator>0</Operator>
        <ControlType>SPAM Tag</ControlType>
      </SupportedClause>
      <SupportedClause>
        <SearchClause>hasattachments</SearchClause>
        <ClauseType>Enthält Dokument</ClauseType>
        <Operator>0</Operator>
        <ControlType>Has Attachments</ControlType>
      </SupportedClause>
    </SupportedClauses>
    <SupportedOperators>
      <SupportedOperator>
        <Id>1</Id>
        <OperatorType>IST GENAU</OperatorType>
        <OperatorSql>=</OperatorSql>
      </SupportedOperator>
      <SupportedOperator>
        <Id>1</Id>
        <OperatorType>ENTHÄLT</OperatorType>
        <OperatorSql>LIKE</OperatorSql>
      </SupportedOperator>
      <SupportedOperator>
        <Id>2</Id>
        <OperatorType>IST GENAU</OperatorType>
        <OperatorSql>=</OperatorSql>
      </SupportedOperator>
      <SupportedOperator>
        <Id>2</Id>
        <OperatorType>IST GRÖSSER ALS</OperatorType>
        <OperatorSql>&gt;</OperatorSql>
      </SupportedOperator>
      <SupportedOperator>
        <Id>2</Id>
        <OperatorType>IST KLEINER ALS</OperatorType>
        <OperatorSql>&lt;</OperatorSql>
      </SupportedOperator>
      <SupportedOperator>
        <Id>3</Id>
        <OperatorType>IST GENAU</OperatorType>
        <OperatorSql>=</OperatorSql>
      </SupportedOperator>
      <SupportedOperator>
        <Id>3</Id>
        <OperatorType>LIEGT VOR DEM</OperatorType>
        <OperatorSql>&gt;</OperatorSql>
      </SupportedOperator>
      <SupportedOperator>
        <Id>3</Id>
        <OperatorType>LIEGT NACH DEM</OperatorType>
        <OperatorSql>&lt;</OperatorSql>
      </SupportedOperator>
    </SupportedOperators>
</SearchClauses>