﻿<?xml version="1.0" encoding="utf-8"?>
<WCFClientSettings xmlns:xsd="http://www.w3.org/2001/XMLSchema" xmlns:xsi="http://www.w3.org/2001/XMLSchema-instance">
	<OperationTimeoutMinutes>5</OperationTimeoutMinutes>
	<CheckIfServiceAliveSeconds>15</CheckIfServiceAliveSeconds>
	<WCFServices>
		<WCFServiceEndPoint ContractName="MArc.Store.IManagement" EndPoint="net.pipe://localhost/Store/Management" />
		<WCFServiceEndPoint ContractName="MArc.ConfigurationService.Base.ICSSettingsHolder" EndPoint="net.pipe://localhost/Core/CSService" />
	</WCFServices>
</WCFClientSettings>