<?xml version="1.0" standalone="yes"?>
<AttendantSettings xmlns="http://gfi.com/ContentSecurity/AttendantSettings.xsd">

  <PlugIn Enabled="true" xmlns="">
    <Path>bin\MArc.WCF.exe</Path>
    <StartupObject>MArc.WCF.Host</StartupObject>
  </PlugIn>
  <PlugIn Enabled="true" xmlns="">
    <Path>bin\MArc.Imap.Remoting.exe</Path>
    <StartupObject>ML.Remoting.Host</StartupObject>
  </PlugIn>
  
  <PlugIn Enabled="true" xmlns="">
    <Path>bin\MArc.Imap.Server.dll</Path>
    <StartupObject>MArc.IMAP.IMAP_ServerPlugin</StartupObject>
  </PlugIn>

  
</AttendantSettings>
