<?xml version="1.0" encoding="utf-8"?>
<WCFSettings xmlns:xsd="http://www.w3.org/2001/XMLSchema" xmlns:xsi="http://www.w3.org/2001/XMLSchema-instance">
  <AppName>IMAP</AppName>
  <AppPort>-1</AppPort>
  <WCFServices>
    <WCFService Enabled="true" URI="IMAPRemote" IdleTimeoutInfinite="false">
      <ServiceLibrary>bin\MArc.IMAP.Remote.dll</ServiceLibrary>
      <ServiceName>MArc.IMAP.Remote.IMAPRemote</ServiceName>
      <ContractLibrary>bin\MArc.IMAP.Remote.dll</ContractLibrary>
      <ContractName>MArc.IMAP.Remote.IIMAPRemote</ContractName>
    </WCFService>
  </WCFServices>
</WCFSettings>
