<?xml version="1.0" standalone="yes"?>
<LogSettings xmlns="http://www.gfi.com/marc/LogSettings.xsd">
  <Filter Enabled="true">
    <Path>bin\MArc.Logging.Filters.dll</Path>
    <FilterObject>MArc.Logging.HeaderStrippingFilter</FilterObject>
  </Filter>               
  <Filter Enabled="true">
    <Path>bin\MArc.Logging.Filters.dll</Path>
    <FilterObject>MArc.Logging.CompressionFilter</FilterObject>
  </Filter>
  <Filter Enabled="true">
    <Path>bin\MArc.Logging.Scheduler.exe</Path>
    <FilterObject>MArc.Logging.LogSubmit2</FilterObject>
  </Filter>
  <Settings Interval="0.5">
	<MaxThreads>5</MaxThreads>
	<BatchSize>100</BatchSize>
  </Settings>
</LogSettings>