<?xml version="1.0" encoding="utf-8"?>
<WCFClientSettings xmlns:xsd="http://www.w3.org/2001/XMLSchema" xmlns:xsi="http://www.w3.org/2001/XMLSchema-instance">
  <OperationTimeoutMinutes>5</OperationTimeoutMinutes>
  <CheckIfServiceAliveSeconds>15</CheckIfServiceAliveSeconds>
  <WCFServices>
    <WCFServiceEndPoint ContractName="MArc.Store.IAuditDataRetrieval" EndPoint="net.pipe://localhost/Store/AuditRetrieval" />
    <WCFServiceEndPoint ContractName="MArc.Store.IAuditDataUpload" EndPoint="net.pipe://localhost/Store/AuditUpload" />
    <WCFServiceEndPoint ContractName="Store.Dal.IEmailMessageOperation" EndPoint="net.pipe://localhost/Store/EmailMessageOperation" />
    <WCFServiceEndPoint ContractName="Store.Cache.IUpdates" EndPoint="net.pipe://localhost/Store/UpdatesNotification" />
    <WCFServiceEndPoint ContractName="Store.ArchiveStoreManager.Base.IArchiveStoreManager" EndPoint="net.pipe://localhost/Store/ArchiveStoreManager" />
    <WCFServiceEndPoint ContractName="Store.Core.IEmailRetrieval" EndPoint="net.pipe://localhost/Store/CoreMessage" />
    <WCFServiceEndPoint ContractName="Store.Core.IEmailMessageRetrieval" EndPoint="net.pipe://localhost/Store/EmailMessageRetrieval" />
    <WCFServiceEndPoint ContractName="Store.Core.ICalendarRetrieval" EndPoint="net.pipe://localhost/Store/CalendarRetrieval" />
    <WCFServiceEndPoint ContractName="Store.Retention.IRetroRetention" EndPoint="net.pipe://localhost/Store/RetroRetention" />
    <WCFServiceEndPoint ContractName="MArc.Store.IManagement" EndPoint="net.pipe://localhost/Store/Management" />
    <WCFServiceEndPoint ContractName="MArc.ConfigurationService.Base.ICSSettingsHolder" EndPoint="net.pipe://localhost/Core/CSService" />
    <WCFServiceEndPoint ContractName="GFI.Directory.API.IManagement" EndPoint="net.pipe://localhost/DSManagement" />
    <WCFServiceEndPoint ContractName="GFI.Directory.API.ISecurity" EndPoint="net.pipe://localhost/DSSecurity" />
    <WCFServiceEndPoint ContractName="MArc.Licensing.IRCInformation" EndPoint="net.pipe://localhost/Core/Licensing" />
  </WCFServices>
</WCFClientSettings>