<?xml version="1.0" encoding="utf-8"?>
<VssWriterSettings xmlns:xsi="http://www.w3.org/2001/XMLSchema-instance" xmlns:xsd="http://www.w3.org/2001/XMLSchema">
  <Name>GFI MailArchiver Core</Name>
  <Id>00000000-0000-0000-0000-000000000000</Id>
  <Restore/>
  <ExcludeFiles>
    <ExcludeFile>
      <Path>Temp</Path>
      <Filename>*.*</Filename>
      <IncludeSubdirectories>false</IncludeSubdirectories>
    </ExcludeFile>
    <ExcludeFile>
      <Path>DebugLogs</Path>
      <Filename>*.*</Filename>
      <IncludeSubdirectories>false</IncludeSubdirectories>
    </ExcludeFile>
  </ExcludeFiles>
  <Components>
    <Component>
      <ComponentType>VSS_CT_FILEGROUP</ComponentType>
      <Name>State</Name>
      <Description>GFI MailArchiver State</Description>
      <Selectable>true</Selectable>
      <SelectableForRestore>true</SelectableForRestore>
      <OptionalFlags>0</OptionalFlags>
      <Files>
        <IncludeFile>
          <GroupName>State</GroupName>
          <Path>Data</Path>
          <Filename>MArcSettings.xml</Filename>
          <IncludeSubdirectories>false</IncludeSubdirectories>
          <BackupTypeMask>3855</BackupTypeMask>
        </IncludeFile>
        <IncludeFile>
          <GroupName>State</GroupName>
          <Path>Data</Path>
          <Filename>MArcSettings.bin</Filename>
          <IncludeSubdirectories>false</IncludeSubdirectories>
          <BackupTypeMask>3855</BackupTypeMask>
        </IncludeFile>
        <IncludeFile>
          <GroupName>State</GroupName>
          <Path>Data</Path>
          <Filename>Tickets.xml</Filename>
          <IncludeSubdirectories>false</IncludeSubdirectories>
          <BackupTypeMask>3855</BackupTypeMask>
        </IncludeFile>
      </Files>
    </Component> 
	<Component>
      <ComponentType>VSS_CT_FILEGROUP</ComponentType>
      <Name>Queues</Name>
      <Description>GFI MailArchiver Queues</Description>
      <Selectable>true</Selectable>
      <SelectableForRestore>true</SelectableForRestore>
      <OptionalFlags>0</OptionalFlags>
      <Files>
        <IncludeFile>
          <GroupName>Queues</GroupName>
          <Path>Pickup</Path>
          <Filename>*.raw</Filename>
          <IncludeSubdirectories>false</IncludeSubdirectories>
          <BackupTypeMask>3855</BackupTypeMask>
        </IncludeFile>
        <IncludeFile>
          <GroupName>Queues</GroupName>
          <Path>Queue</Path>
          <Filename>*.*</Filename>
          <IncludeSubdirectories>false</IncludeSubdirectories>
          <BackupTypeMask>3855</BackupTypeMask>
        </IncludeFile>
        <IncludeFile>
          <GroupName>State</GroupName>
          <Path>Data</Path>
          <Filename>MIReportsScheduled.xml</Filename>
          <IncludeSubdirectories>false</IncludeSubdirectories>
          <BackupTypeMask>3855</BackupTypeMask>
        </IncludeFile>
        <IncludeFile>
          <GroupName>State</GroupName>
          <Path>Data</Path>
          <Filename>AAStatus.xml</Filename>
          <IncludeSubdirectories>false</IncludeSubdirectories>
          <BackupTypeMask>3855</BackupTypeMask>
        </IncludeFile> 
		    <IncludeFile>
          <GroupName>State</GroupName>
          <Path>Data</Path>
          <Filename>FAAStatus.bin</Filename>
          <IncludeSubdirectories>false</IncludeSubdirectories>
          <BackupTypeMask>3855</BackupTypeMask>
        </IncludeFile> 
        <IncludeFile>
          <GroupName>State</GroupName>
          <Path>Data</Path>
          <Filename>DashboardStats.xml</Filename>
          <IncludeSubdirectories>false</IncludeSubdirectories>
          <BackupTypeMask>3855</BackupTypeMask>
        </IncludeFile>      
      </Files>
    </Component>	
  </Components>
</VssWriterSettings>